# Canonical 301 redirects: .html to clean URLs
/index.html              /                301!
/chat.html               /chat            301!
/privacy.html            /privacy         301!
/terms.html              /terms           301!
/disclaimer.html         /disclaimer      301!
/editorial.html          /editorial       301!
/guides/how-to-choose-smart-home-gadgets-2025.html   /guides/how-to-choose-smart-home-gadgets-2025   301!
/guides/robot-vacuum-buying-guide.html               /guides/robot-vacuum-buying-guide               301!
/guides/ultimate-smart-home-setup-guide.html         /guides/ultimate-smart-home-setup-guide         301!
/guides/matter-protocol-explained.html               /guides/matter-protocol-explained               301!
/guides/best-home-wifi-solutions-compared.html       /guides/best-home-wifi-solutions-compared       301!
/guides/smart-home-security-guide.html               /guides/smart-home-security-guide               301!
